step,epoch_time,lr,train/accuracy,train/eer,train/epoch_time,train/f1,train/loss,val/accuracy,val/eer,val/eer_threshold,val/epoch_time,val/f1,val/far,val/fn,val/fp,val/frr,val/loss,val/pr_auc,val/precision,val/recall,val/roc_auc,val/tn,val/tp
1,7.2618091106414795,0.0009755527298894294,0.8567708333333334,0.12840221173554509,6.077707052230835,0.8859934853420195,0.6218994607528051,0.9628571428571429,0.0016666666666666668,0.26239097118377686,0.970503568649292,0.8505747126436781,0.0,26,0,0.26,0.5369955491381032,0.9996059017666472,1.0,0.74,0.9999333333333332,600,74
2,5.315893173217773,0.0009046039886902864,0.9724702380952381,0.022662326991198925,4.600356101989746,0.9770186335403727,0.11784946812050683,0.9871428571428571,0.0,0.9416761994361877,0.6723425388336182,0.9569377990430622,0.015,0,9,0.0,0.03759073989742319,1.0,0.9174311926605505,1.0,1.0,591,100
3,4.864266633987427,0.0007940987335200904,0.9780505952380952,0.01746424855317354,4.141116142272949,0.9817393995666976,0.10602763898315884,0.9671428571428572,0.0,0.9998090863227844,0.6780016422271729,0.8968609865470852,0.03833333333333333,0,23,0.0,0.07604173873243521,1.0,0.8130081300813008,1.0,1.0,577,100
4,4.7860002517700195,0.0006548539886902864,0.9884672619047619,0.009765625000000017,4.023685932159424,0.9899903132063287,0.05451453805324577,0.9542857142857143,0.021666666666666674,0.8203374743461609,0.7172064781188965,0.8608695652173913,0.051666666666666666,1,31,0.01,0.15035840775285447,0.9942754959293659,0.7615384615384615,0.99,0.99885,569,99
5,4.789487838745117,0.0005005000000000001,0.9899553571428571,0.007036153187588054,4.0460662841796875,0.9911096476786302,0.0400192208055939,0.9771428571428571,0.0,0.9998576641082764,0.6923272609710693,0.9259259259259259,0.02666666666666667,0,16,0.0,0.06732175904728657,1.0,0.8620689655172413,1.0,1.0,584,100
6,4.714945077896118,0.0003461460113097139,0.9966517857142857,0.0030362331732194745,3.9936296939849854,0.9970731707317073,0.019766145274930057,1.0,0.0,0.9993517994880676,0.6734316349029541,1.0,0.0,0,0,0.0,0.002110080857549162,1.0,1.0,1.0,1.0,600,100
7,4.827777624130249,0.00020690126647990973,0.9977678571428571,0.0004248088360237893,4.081254005432129,0.9980184940554822,0.010160847433975764,1.0,0.0,0.9998465776443481,0.6990587711334229,1.0,0.0,0,0,0.0,0.00433040764182806,1.0,1.0,1.0,1.0,600,100
8,4.931348085403442,9.639601130971382e-05,0.9981398809523809,0.0018421525873308499,4.172430038452148,0.9983449189010262,0.010652906544107412,1.0,0.0,0.9707655906677246,0.7027871608734131,1.0,0.0,0,0,0.0,0.00137295510187479,1.0,1.0,1.0,1.0,600,100
9,4.8629467487335205,2.5447270110570814e-05,0.9985119047619048,0.0010844990635031576,4.105115652084351,0.9987121699935608,0.01034408318810165,1.0,0.0,0.9998608827590942,0.706728458404541,1.0,0.0,0,0,0.0,0.0006608147737486953,1.0,1.0,1.0,1.0,600,100
10,5.053357839584351,0.001,0.9977678571428571,0.0007562904628058532,4.271534204483032,0.9980237154150198,0.007322206804972319,1.0,0.0,0.9997969269752502,0.7367539405822754,1.0,0.0,0,0,0.0,0.0009561221053757306,1.0,1.0,1.0,1.0,600,100
11,4.879143238067627,0.0009938503261272714,0.9955357142857143,0.0025945144551519916,4.077921390533447,0.9959866220735786,0.02024118578992784,1.0,0.0,0.6485052704811096,0.7553548812866211,1.0,0.0,0,0,0.0,0.014598140035356866,1.0,1.0,1.0,1.0,600,100
12,4.9916932582855225,0.0009755527298894294,0.9955357142857143,0.00450016072002569,4.181427240371704,0.9959183673469387,0.020591994148812125,0.9885714285714285,0.0,0.9999741315841675,0.7597651481628418,0.9615384615384616,0.013333333333333334,0,8,0.0,0.036845238186152915,1.0,0.9259259259259259,1.0,1.0,592,100
