step,epoch_time,lr,train/accuracy,train/epoch_time,train/f1,train/loss,val/accuracy,val/epoch_time,val/f1_macro,val/f1_weighted,val/loss,val/top1_accuracy,val/top3_accuracy,val/top5_accuracy
1,21.333581686019897,0.0009755527298894294,0.13391285211267606,18.55818462371826,0.11538676774302699,3.0599763964263484,0.17854807063440156,2.512737274169922,0.12405436667857683,0.12662596039109808,2.763262648298664,0.17854807063440156,0.4408109875735775,0.604970568999346
2,12.189981937408447,0.0009046039886902864,0.3118397887323944,10.375513076782227,0.290354128576805,2.4072723187191385,0.5094833224329627,1.791438341140747,0.45069867649857454,0.47245909706839573,1.8135134684953758,0.5094833224329627,0.8234139960758666,0.8979725310660562
3,12.071991443634033,0.0007940987335200904,0.4944982394366197,10.153937578201294,0.48318672659579653,1.9008782934135116,0.7187704381948986,1.8959755897521973,0.679052966926591,0.699394154263435,1.2394727475507499,0.7187704381948986,0.8966644865925442,0.9404839764551994
4,12.399513483047485,0.0006548539886902864,0.6157570422535211,10.70487093925476,0.6173065325602645,1.576452523889676,0.8273381294964028,1.673323631286621,0.8032116684482897,0.8223452973511436,0.9617665471244747,0.8273381294964028,0.9319816873773709,0.9581425768476128
5,11.722920656204224,0.0005005000000000001,0.6923415492957746,9.741799592971802,0.6996372678120617,1.3603255866279065,0.8502289077828646,1.9586765766143799,0.827252575597659,0.8457824755954808,0.8662589206814064,0.8502289077828646,0.946370176586004,0.9672988881621976
6,11.14820408821106,0.0003461460113097139,0.7373459507042254,8.832279682159424,0.7445962893065287,1.2239695182988342,0.8855461085676913,2.2932209968566895,0.859701207140097,0.8791709997018846,0.7695013985593308,0.8855461085676913,0.9542184434270765,0.9744931327665141
7,9.503450393676758,0.00020690126647990973,0.772887323943662,7.892327785491943,0.780186475352227,1.1234687902558018,0.9045127534336167,1.5868818759918213,0.886702726090134,0.9030225747613626,0.7102508786615006,0.9045127534336167,0.9587965990843689,0.9764551994767822
8,9.577218532562256,9.639601130971382e-05,0.7903829225352113,8.050325155258179,0.7977656683634902,1.0600036021689294,0.9189012426422498,1.5072591304779053,0.8986234213461427,0.9163252645148627,0.6696922110139037,0.9189012426422498,0.961412688031393,0.9758011772400261
9,9.602375030517578,2.5447270110570814e-05,0.8017165492957746,8.009552717208862,0.8089692316898756,1.0217811507238468,0.9175931981687377,1.5736594200134277,0.8935069345382548,0.91329351372972,0.6568607130496622,0.9175931981687377,0.9640287769784173,0.9771092217135383
10,9.202122926712036,0.001,0.817231514084507,7.611824989318848,0.8240130371793696,0.9876606909322067,0.9247874427730542,1.5704796314239502,0.9028349143909635,0.9211022639809272,0.6504341085569931,0.9247874427730542,0.9633747547416612,0.9771092217135383
11,9.14200210571289,0.0009938503261272714,0.7764084507042254,7.669187307357788,0.7834265920600701,1.0910188908308325,0.8966644865925442,1.4525291919708252,0.8767581361769017,0.8971338676062177,0.7349012210682532,0.8966644865925442,0.9581425768476128,0.973839110529758
12,9.581982851028442,0.0009755527298894294,0.7874119718309859,7.869449138641357,0.7944496041184032,1.0509790568284585,0.907128842380641,1.6900184154510498,0.8903484155085766,0.9068580097720288,0.6954693833233251,0.907128842380641,0.9666448659254414,0.9797253106605625
13,11.436705827713013,0.0009455577588320898,0.8076584507042254,9.450199365615845,0.8141725075782069,0.9817684603409028,0.9300196206671026,1.963094711303711,0.9151163000527647,0.9296597812416445,0.6438705196873358,0.9300196206671026,0.9672988881621976,0.9797253106605625
14,12.265628814697266,0.0009046039886902864,0.8235035211267606,10.380719423294067,0.829561810132035,0.9329072304174933,0.9313276651406148,1.8587989807128906,0.9078172196499223,0.9263589000379583,0.6377564121337401,0.9313276651406148,0.9686069326357096,0.9810333551340745
15,11.788541793823242,0.0008536998372026805,0.8369278169014085,9.962132453918457,0.8423191729050341,0.8924989532416975,0.9332897318508829,1.803318738937378,0.9205314116256341,0.9333440861572773,0.6192797034920392,0.9332897318508829,0.973185088293002,0.9823413996075867
16,12.01956558227539,0.0007940987335200904,0.8525528169014085,9.98300552368164,0.8578693112559588,0.8554049201414619,0.9483322432962721,2.010491371154785,0.9283566406268753,0.9435753187198832,0.5822554027589807,0.9483322432962721,0.9777632439502943,0.9843034663178548
17,11.999552488327026,0.0007272682546199037,0.8664172535211268,9.83442234992981,0.8713235111678166,0.8165416641974114,0.9306736429038587,2.1418752670288086,0.9112148000437128,0.9282002636448065,0.6013074075575355,0.9306736429038587,0.9790712884238064,0.9882275997383911
18,11.525156736373901,0.0006548539886902864,0.8729093309859155,9.654500246047974,0.8776874192397259,0.791091541169395,0.9411379986919556,1.849670171737671,0.9260460568689648,0.9390901804928357,0.5840967009861224,0.9411379986919556,0.973185088293002,0.9829954218443427
19,11.894180059432983,0.0005786390152875954,0.8789612676056338,9.86409592628479,0.8830938984715471,0.761933059759543,0.9483322432962721,2.0064504146575928,0.9325060544338539,0.9458195776542535,0.562269738642042,0.9483322432962721,0.9797253106605625,0.9888816219751472
20,11.618215560913086,0.0005005000000000001,0.8902948943661971,9.840146780014038,0.8947713767639095,0.7358259306827062,0.9502943100065402,1.7551720142364502,0.9354464285247002,0.9484287031210463,0.5630176403383713,0.9502943100065402,0.9744931327665141,0.9829954218443427
21,11.432224988937378,0.00042236098471240487,0.8907350352112676,9.455990314483643,0.8945739978257811,0.7154192840549308,0.9489862655330281,1.9540390968322754,0.9302066166866457,0.9451521663942469,0.5609788680248123,0.9489862655330281,0.9784172661870504,0.9862655330281229
22,11.115413427352905,0.0003461460113097139,0.9047095070422535,9.358912229537964,0.9083275596434839,0.6835921507486156,0.94702419882276,1.732969045639038,0.9246350797698227,0.941575930294153,0.551809222695093,0.94702419882276,0.9764551994767822,0.9856115107913669
23,11.943344593048096,0.00027373174538009644,0.9074603873239436,9.933818101882935,0.9108067059612587,0.6676463207728426,0.9568345323741008,1.986407995223999,0.9409627666212421,0.953849601948499,0.5254106286150556,0.9568345323741008,0.9810333551340745,0.9888816219751472
24,12.312162637710571,0.00020690126647990973,0.9165933098591549,10.176630020141602,0.9198204420707767,0.6503001577417615,0.9542184434270765,2.10844349861145,0.9333290404808551,0.9500442795456475,0.5344816704370213,0.9542184434270765,0.9790712884238064,0.9882275997383911
25,12.377864122390747,0.00014730016279731955,0.9216549295774648,10.449923038482666,0.9242140179058227,0.6329142375731133,0.9548724656638325,1.9065771102905273,0.9371199516613117,0.9514588461420869,0.5404435711565011,0.9548724656638325,0.9764551994767822,0.9849574885546108
26,11.57032036781311,9.639601130971382e-05,0.9241857394366197,9.573090553283691,0.9270116230251662,0.6223220497789518,0.9548724656638325,1.974048137664795,0.9364957455780252,0.9510323761393504,0.5330741115455303,0.9548724656638325,0.9777632439502943,0.986919555264879
27,11.741732120513916,5.544224116791029e-05,0.9268265845070423,9.933837890625,0.9294695937669719,0.6132738044564153,0.9548724656638325,1.7821362018585205,0.9367671036641019,0.9515550450971038,0.5342084752569953,0.9548724656638325,0.9790712884238064,0.986919555264879
28,11.769948244094849,2.5447270110570814e-05,0.930237676056338,9.857495069503784,0.9326279711410886,0.602160031526861,0.9568345323741008,1.8882451057434082,0.9401580657262247,0.9537837978782918,0.5312371714353717,0.9568345323741008,0.9771092217135383,0.9862655330281229
29,11.769443988800049,7.149673872728739e-06,0.9317781690140845,10.037776231765747,0.934265928039332,0.6027528777928419,0.9555264879005886,1.7106072902679443,0.9387925352227808,0.9525227946765011,0.531267541697635,0.9555264879005886,0.9771092217135383,0.9882275997383911
30,11.600550651550293,0.001,0.9325484154929577,9.656177759170532,0.9351022788353258,0.5994873928352141,0.9561805101373446,1.9211344718933105,0.9394269185270976,0.9531999728126074,0.5279783210854191,0.9561805101373446,0.9771092217135383,0.9882275997383911
31,12.02044677734375,0.0009984602081996976,0.8972271126760564,9.996655225753784,0.901063953658373,0.7046029215127649,0.9404839764551994,1.9982786178588867,0.9228166140887357,0.9382144928180176,0.5919242117278634,0.9404839764551994,0.973185088293002,0.9843034663178548
32,12.073099613189697,0.0009938503261272714,0.891725352112676,9.863553524017334,0.8951956888193752,0.7115162426317242,0.9417920209287116,2.1860156059265137,0.9254598688319371,0.9411130867431735,0.5665473371958561,0.9417920209287116,0.9771092217135383,0.9875735775016351
33,12.10659670829773,0.0009861987752386395,0.894256161971831,10.083713054656982,0.8979559370865577,0.7108684190562073,0.94702419882276,1.99790620803833,0.9247713947758514,0.9423155214112697,0.5638315260527257,0.94702419882276,0.9686069326357096,0.9810333551340745
34,12.552876234054565,0.0009755527298894294,0.9003080985915493,10.583121299743652,0.9042375365787068,0.6915828988585674,0.9431000654022237,1.9479107856750488,0.9265272990673841,0.9407426597377582,0.5723871677197843,0.9431000654022237,0.973185088293002,0.986919555264879
35,11.997191667556763,0.0009619778264893878,0.8994278169014085,9.855631589889526,0.9031266823344757,0.6871244605158416,0.9509483322432962,2.117008924484253,0.9347138177030118,0.948395724402964,0.5693475484380229,0.9509483322432962,0.9744931327665141,0.9843034663178548
36,11.516204595565796,0.0009455577588320898,0.9052596830985915,9.51773977279663,0.9088001006403197,0.6752676233439379,0.9404839764551994,1.976001501083374,0.9193371500117629,0.9367663873679232,0.5670735226728465,0.9404839764551994,0.9784172661870504,0.9908436886854153
37,12.221276760101318,0.0009263937620948692,0.9110915492957746,10.180571556091309,0.9141025855155743,0.6619902933147591,0.94702419882276,2.0172722339630127,0.9315360236454608,0.9445936490444925,0.5475281458262761,0.94702419882276,0.9790712884238064,0.9882275997383911
38,12.08367133140564,0.0009046039886902864,0.9143926056338029,9.958916425704956,0.9172778593969103,0.6527711010315049,0.9496402877697842,2.1040656566619873,0.9359254569624134,0.9494031121594758,0.5579830275944747,0.9496402877697842,0.9771092217135383,0.9875735775016351
