step,acc,loss
120,0.111875,3.1662955856323243
191,0.2796875,2.4993193340301514
262,0.475,1.944964141845703
333,0.59546875,1.6241001176834107
404,0.68484375,1.3833183217048646
475,0.73828125,1.2286709189414977
546,0.77109375,1.1288199472427367
617,0.784375,1.0766195619106294
688,0.79859375,1.0308248865604401
759,0.816875,0.996767156124115
830,0.77546875,1.0913555967807769
901,0.7884375,1.048989725112915
972,0.81296875,0.9690455579757691
1043,0.82125,0.9420744097232818
1114,0.834375,0.8966707634925842
1185,0.850625,0.8587721931934357
1256,0.86625,0.8147859227657318
1327,0.87625,0.7859377598762513
1398,0.876875,0.7701545703411102
1469,0.89171875,0.7345480155944825
1540,0.89171875,0.7167834901809692
1611,0.90640625,0.6824663233757019
1682,0.9059375,0.6704098773002625
1753,0.9184375,0.6510856521129608
1824,0.92296875,0.6334238839149475
1895,0.9275,0.6142628991603851
1966,0.92390625,0.6180729007720948
2037,0.93140625,0.6004753911495209
2108,0.93015625,0.6079717004299163
2179,0.93140625,0.59921799659729
2250,0.8965625,0.7039345300197601
2321,0.8965625,0.699473385810852
2392,0.89265625,0.7122445034980774
2463,0.9009375,0.6846361005306244
2534,0.89875,0.6868563985824585
2605,0.90828125,0.6676271080970764
2676,0.9159375,0.6506441712379456
2747,0.914375,0.6520865035057067
